{
 "home": [
  0.007395309520492124,
  0.23542467499163333,
  -0.8982318951581931,
  1.1867561073397999,
  -0.006144342988120249,
  1.574348353681681
 ],
 "close": [
  0.0030522886349763426,
  0.6753355279428055,
  -0.7171622230089627,
  0.6771412225232762,
  -0.0034612637205048867,
  1.573408567263553
 ],
 "far": [
  0.029610196750190693,
  0.03386359933092198,
  -0.8993732876720064,
  1.3089953672379937,
  -0.023064991817564266,
  1.5987883962275407
 ],
 "top": [
  0.0019569462472564594,
  1.3204393151408464,
  -1.5748910195716235,
  1.309,
  -0.002056489416395302,
  1.5061118168896583
 ],
 "low": [
  -0.31160920094146777,
  1.0204473240141536,
  0,
  -0.8178127271518933,
  0.45257521319419614,
  1.5771754187508167
 ],
 "lowPre0": [
  -0.006743025126247852,
  0.5057464993566384,
  -0.7364790971498949,
  0.823873786412189,
  0.00689675211214634,
  1.566151616530996
 ],
 "lowPre": [
  -0.06226319571048783,
  0.6693788705966435,
  -0.47798557648534656,
  0.33431299868770326,
  0.07944712455616293,
  1.5247822719584363
 ],
 "lowPre2": [
  -0.1205909834822278,
  0.8344455680085235,
  -0.23899278824267328,
  -0.21849546970084505,
  0.177678038992367,
  1.500945276018689
 ],
 "orb0": [
  0.00016894967639674574,
  0.19097522257563948,
  -0.7576183987679652,
  1.0606412501821454,
  -0.00015656763167228027,
  1.5708866084392548
 ],
 "orbL1": [
  -0.2295133408756892,
  0.16697202273068512,
  -0.7505090740927687,
  1.0776194365650646,
  0.20882623680299303,
  1.3723269428536804
 ],
 "orbL2": [
  -0.8165285166793492,
  0.000001468754218886259,
  -0.7676698651370635,
  1.30899923174876,
  0.6763264467042354,
  1.0363151516414608
 ],
 "orbR1": [
  0.23048238916732688,
  0.16725084145984281,
  -0.7508808997063638,
  1.0779460343691831,
  -0.20965725659228596,
  1.7697693433987063
 ],
 "orbR2": [
  0.8173468646252288,
  0,
  -0.7674101676415807,
  1.309,
  -0.6767716099331357,
  2.00699574310723
 ],
 "swpA": [
  0.35675635679283907,
  0.21117999709369983,
  -0.9829960300269798,
  1.3089997234253135,
  -0.285108695457418,
  1.7367790931480132
 ],
 "swpB": [
  -0.3577067349160921,
  0.20951615137360263,
  -0.9819529903513282,
  1.309,
  0.28584035445807443,
  1.4046419853448817
 ]
}